NOX,O2,PO4,TotP,NH4,Si,Chl
1.4236785893050816,24.703303753647678,0.17738792002485454,0.2404877721817373,0.5082352833279856,23.377520820172162,3.8221512431553437
3.2424166874968394,37.41448794375083,0.24701625925498485,0.29694061357094725,0.7096395740746319,30.54813829335115,5.956184934276795
0.33627560676408974,0.7354955494926321,0.635610150094151,0.4528576757758589,-0.0010250915827021423,-1.8106482552426115,0.13489434926290755
