NOX,O2,PO4,TotP,NH4,Si,Chl
1.6195761417623697,25.88105896594478,0.17456444068077043,0.2179093336900075,0.47149883781498625,18.04965724335577,3.8719424186138536
2.9799655387750636,38.718259943587086,0.23970696868919417,0.2884382677731415,0.6308441978772114,23.26293330735179,6.00318817116033
0.28367704798686766,0.7179519911514707,0.6425309432378898,0.4856741950488881,0.22616653012723353,-0.7893597113101471,0.12699699556998645
