NOX,O2,PO4,TotP,NH4,Si,Chl
1.777736356503942,21.7246631814812,0.15215521795349612,0.1992847519519063,0.497145978434045,20.359194161442932,4.944223551647605
3.5765951288699727,29.429981423381747,0.2090549953141143,0.26515256169001933,0.6500928709031593,24.49361339785484,7.276016454918326
0.11485664875414459,0.781407665543248,0.6926158275123482,0.5501872715076697,0.15170618498646027,-0.4911794193017165,-0.06911478915783253
