NOX,O2,PO4,TotP,NH4,Si,Chl
2.0867743815798683,25.63504900028291,0.1736694308094181,0.1959212023980157,0.5388964628499916,18.841240544858067,4.600575216627682
4.050312402539319,36.84931791104397,0.2365657658674118,0.2721262287386744,0.6836111780089127,23.13862612436931,6.879100363841505
-0.1351443549346527,0.6573001936838229,0.6063917466224992,0.5262154524258683,0.061976314892553175,-0.33075872155509844,0.0443468766926125
