NOX,O2,PO4,TotP,NH4,Si,Chl
1.7154364186325783,20.691946119801496,0.17930625704799516,0.20469947913131217,0.5109740049251085,19.126057324289395,4.497013218106009
3.475041252550318,30.09725053498898,0.25363464851615575,0.27165413405187405,0.66949213486907,22.94641876979033,6.558763589539785
0.16440856625010958,0.7713829591470918,0.547542735519505,0.5278579045489877,0.10032334338283422,-0.30874192142500556,0.1312777474974154
