NOX,O2,PO4,TotP,NH4,Si,Chl
1.6865955007600064,22.965988677178796,0.15326233413393034,0.2198998027785571,0.4911804399485264,18.915426119212018,4.411604262640957
3.3754801984406617,31.159917591030634,0.20362814684011574,0.28721224441061716,0.6512251188010494,22.883600383552757,6.354735761745516
0.2116026073812094,0.754954036486585,0.7083674330338412,0.47222843522968816,0.14874871428964054,-0.30158607522393943,0.18448493989708736
