NOX,O2,PO4,TotP,NH4,Si,Chl
1.7389689641251347,20.991149578900167,0.1442684955745123,0.20782621417685979,0.48912035652461633,18.995935102068774,4.846407456186243
3.571534730515413,28.72839060184543,0.21071015948654018,0.2809809907420923,0.6494325398035076,23.29456133406034,6.670899004505937
0.11735959308048138,0.7917056229738071,0.6877292154323047,0.4948806972333071,0.15342861673262354,-0.34875558699601283,0.10131866183063543
