NOX,O2,PO4,TotP,NH4,Si,Chl
1.7532969191319723,19.155918552266787,0.17416356908974132,0.1884127684401277,0.5169963211300007,18.284184409128603,4.623232999576906
3.454032504550242,28.61057950205715,0.23995905366456577,0.2570063913059183,0.6638057995433337,21.865313868837056,6.9423662349879445
0.17448134758178124,0.7934104921173198,0.5950189670000594,0.5774015173956757,0.11554125882135047,-0.18832604363161032,0.026688100060781705
