NOX,O2,PO4,TotP,NH4,Si,Chl
1.7786110698370468,25.199233941680863,0.15488142611772196,0.19745996409313915,0.47812728921770203,19.898391495356893,4.454040022968516
3.5890682953434703,35.04936652813822,0.2113023433167595,0.26291218463075944,0.6436204234472003,23.96806620485693,6.586520602973079
0.10867211201227944,0.6899617346680542,0.6859715254997227,0.5577564435741258,0.16851364427972093,-0.427874950863669,0.12390923698597434
