NOX,O2,PO4,TotP,NH4,Si,Chl
1.729253570068643,22.708632733800787,0.16604743528712942,0.21838541274659948,0.5202284366046594,19.911353960417948,4.644745003771286
3.428949570343553,30.8534611383158,0.23224372570728635,0.2803169587947519,0.6938444007406911,23.953346396361486,7.04943053053534
0.1864275268486002,0.7597503671541759,0.6206427550414901,0.49726533553955965,0.03368288992281954,-0.42612165198550445,-0.0035639732513728095
