NOX,O2,PO4,TotP,NH4,Si,Chl
1.772509092142849,21.40138987133078,0.1609528390997335,0.21006635655532507,0.5497736046943065,18.87020543651123,4.4816523602685905
3.5438550092464105,29.503911595085796,0.22365086466058168,0.2807555647884714,0.7269166636566695,23.29284662852819,6.817097048019258
0.13098766622272995,0.7803080476517937,0.6481953577908289,0.4956908682239003,-0.060632041277896453,-0.34855703133195726,0.06149639454398137
