NOX,O2,PO4,TotP,NH4,Si,Chl
1.7000455954888032,22.135678398507306,0.15803034614684516,0.19743382378803848,0.5044352322283828,19.27241651546416,4.604902413106269
3.4649809065565074,31.33840660270212,0.21330877806161141,0.2642395098687327,0.6522508558018986,23.39655365575488,6.713151097206984
0.16923968624235308,0.7521386708238788,0.6799794564748998,0.5532797945625478,0.1460650107054099,-0.3605921579709086,0.08989848654757482
