NOX,O2,PO4,TotP,NH4,Si,Chl
1.7485546166564816,21.899998619339115,0.16349529233324323,0.19671880424874438,0.49983469630472094,18.90901590294137,4.297694676697782
3.569181566104273,30.493063936169712,0.20729838155492258,0.2725009674910411,0.7060529578450307,22.93954406591799,6.624368250229844
0.1185222942260189,0.7653302660578998,0.6977598016251705,0.5249096784258369,-0.0006219997216687645,-0.30795784566387674,0.11381187517598701
