NOX,O2,PO4,TotP,NH4,Si,Chl
1.764762757512926,24.688603418260332,0.18387624445575562,0.21061570982356984,0.47807462963256486,18.422728890200755,5.034081540607263
3.5036157171477713,35.46714787874619,0.2525240264135035,0.2717790486908963,0.6318480653165083,21.999850932975438,7.311222599964841
0.1506103164441428,0.6825264972800867,0.5514965237061069,0.5274235948012633,0.19865263415410017,-0.20299455005054745,-0.07948597857525086
