NOX,O2,PO4,TotP,NH4,Si,Chl
1.7847272311630695,19.265462397373128,0.1774688419051483,0.19656483871069258,0.510124677997172,18.036178465574935,4.694652706028262
3.5284258784195637,27.670521254112067,0.2318419515291746,0.2637070019728165,0.6624319504554184,21.60292873705775,6.875720720108936
0.13853815406615622,0.8067632907384675,0.6219541713779082,0.5550784834962432,0.11919851943412985,-0.1599771909084402,0.04528565459649714
