NOX,O2,PO4,TotP,NH4,Si,Chl
1.813004354329218,19.874295450203277,0.15195027018566523,0.19762065707645463,0.49904524414395407,17.675633806019256,4.598788781454189
3.6026255622031393,28.729981813498085,0.2145608958023209,0.2543347712425205,0.6320830220378724,21.26676113479345,6.6480539465344775
0.1019256296939417,0.7916825482653466,0.6762114028244657,0.5861418012419579,0.1980565511176544,-0.1241567949800233,0.10746334282850978
