NOX,O2,PO4,TotP,NH4,Si,Chl
1.7769440131062313,21.129764991923167,0.19165300846807917,0.2149385881904433,0.5362465280609804,18.5538283041947,4.853978966013026
3.461616415702432,30.579565583812418,0.25684803350747876,0.29287795760393853,0.6928633603133131,22.271175562845457,7.263361996480542
0.1708522368111265,0.7639969719766107,0.5360054357464046,0.45120081124839806,0.03641354813470521,-0.23285064441685988,-0.0653992110360988
