NOX,O2,PO4,TotP,NH4,Si,Chl
1.7794208797776359,20.920710798998314,0.12230229058325107,0.17708252183500817,0.4507004962808598,19.23337976624599,4.593598232692355
3.414918780100219,27.694515493951126,0.15770329874975914,0.23597403296206765,0.6186301390077431,23.168220410969106,6.569099397203368
0.19307195835572866,0.8064280185414668,0.8250789972653049,0.6437388084753908,0.23182946865302678,-0.3341649774071993,0.12853759049933666
