NOX,O2,PO4,TotP,NH4,Si,Chl
1.5751507818081896,18.787292812637794,0.1952189945864777,0.23536523239756324,0.5117850778627172,20.090663071934557,4.933247052173539
2.6755953590509884,27.31285335182607,0.2774628635980462,0.30381030133103376,0.6913699748367443,24.256087720779284,7.0633054273610565
0.5046468626123687,0.8117265425635884,0.4585353219340388,0.40946576910340393,0.040562866141314546,-0.4623983645454772,-0.007518349333541785
