NOX,O2,PO4,TotP,NH4,Si,Chl
1.6865955007600064,22.97601051285317,0.15477649225971665,0.20917478204460466,0.5020045568836166,18.866554297207824,4.408838243408081
3.3754801984406617,31.23104312222357,0.2334344971146046,0.27537499512017655,0.6476791088212355,22.521804908882128,6.50164528017519
0.2116026073812094,0.7538340774244972,0.6167426641397669,0.5148354157218256,0.1579938348187171,-0.26075461885079565,0.1463427465826569
