NOX,O2,PO4,TotP,NH4,Si,Chl
1.792638840642521,21.945277641372314,0.19120614023386906,0.20394207706512638,0.4904629541918044,19.766263661812108,4.466956342468403
3.6394287954325,30.76269326649511,0.26435396481307527,0.2766064417005501,0.6319893531785117,23.45214128533354,6.808188562417642
0.08348304425149289,0.7611618697940381,0.5084903379759015,0.5104865085689844,0.19829421471461195,-0.36706507195236404,0.0639476382363584
