NOX,O2,PO4,TotP,NH4,Si,Chl
1.755362496742042,24.305301967655936,0.14536291614858432,0.19985573610954624,0.4908400518172006,18.988393349845914,4.923056206043228
3.574570621046122,34.46461543501609,0.21126537815727556,0.26303413572046047,0.6596188005812965,22.393081008815116,7.20198596780124
0.11585842413336067,0.7002205724228103,0.6860813879565284,0.5573460815224842,0.12666363424092042,-0.24638405945525133,-0.047469856244452435
