NOX,O2,PO4,TotP,NH4,Si,Chl
1.7379374453051615,21.05030886222049,0.133608110577669,0.19892455201854037,0.5050053769247133,18.599347261365573,4.642013975090451
3.517702593480785,29.92478974569899,0.18502052983010947,0.261311152840257,0.6674996888023154,22.468025700184047,6.576723287085544
0.14376635720677977,0.773995457802211,0.759231180541473,0.5631262223325872,0.1056703512035414,-0.254740763895847,0.1265136330541865
