NOX,O2,PO4,TotP,NH4,Si,Chl
1.761280309325433,21.06873945274656,0.15108274680910855,0.19869163133630915,0.5152513862918888,20.152105104808363,4.32788020274387
3.6083659404963595,29.59652834110051,0.20941231635366858,0.25882993426986683,0.670672544367754,23.89426755643885,6.4681643352052225
0.09906138875833781,0.7789265976083084,0.6915641549813729,0.5713832981060016,0.09714803173233943,-0.4190955179914222,0.1551121146828105
