NOX,O2,PO4,TotP,NH4,Si,Chl
1.987054016888362,25.063490479895577,0.18592410787303962,0.2494208025679968,0.5933779082465122,19.964476309129473,4.513170879849606
3.2662003268950457,37.595101295113004,0.24738248523498746,0.3461984573334931,0.7335350320808657,23.4452149143059,6.534593038937494
0.2618243996608791,0.643288204243224,0.569574196232661,0.23318545374888533,-0.08003346632145081,-0.36625769137834774,0.13766883160360632
