NOX,O2,PO4,TotP,NH4,Si,Chl
1.7482912113768498,19.547886822085704,0.1387622912228665,0.1956965199469584,0.4866658385174544,18.474306058511203,4.372204546167606
3.575475099846534,28.56357646208223,0.17296058189502087,0.26275694662108684,0.6280971831003774,22.436522659653935,6.479596674204765
0.11541093626992516,0.7940887278419411,0.7895956675305821,0.5582785398878023,0.20813857896106303,-0.251224617180416,0.15212283355274347
