NOX,O2,PO4,TotP,NH4,Si,Chl
1.8458531307400143,20.604013411791218,0.17045410892265359,0.20771007286994467,0.5029338879275538,18.71299388016322,4.568886021417129
3.7091529867781943,27.14800977229197,0.22860950908485372,0.2842263590965482,0.6600359639987669,22.505576408930775,6.78607729884935
0.048029384872127046,0.8139922900597789,0.632422444822702,0.48314491928072745,0.12555863484575036,-0.25893835369062335,0.07001788453264646
