NOX,O2,PO4,TotP,NH4,Si,Chl
1.9286285121839333,26.27938460630924,0.13429286990849074,0.19212133503715725,0.5734125871618064,19.28823576524979,4.489777050016254
3.680217351151033,36.922345927620576,0.19381279199635387,0.2530975491990869,0.7847485278392352,22.986858834593672,6.7712513702958175
0.06282436921505496,0.6559405220527639,0.7358045836678375,0.5901584685451806,-0.2361082724811454,-0.31335895956756943,0.07407701508646825
