NOX,O2,PO4,TotP,NH4,Si,Chl
1.6950462778992579,21.18525597652588,0.14378602879803462,0.20260424680626438,0.4922952290080315,19.353966386496733,4.602428736489588
3.4348152021301273,29.65709547905009,0.19555508607187927,0.2654458249481223,0.6558675286343041,23.038656715566212,6.8005179049859885
0.18364171848270094,0.7780208505752177,0.7310332258913025,0.5491917201558798,0.13656876885363833,-0.31928459377608,0.06605571502566299
