NOX,O2,PO4,TotP,NH4,Si,Chl
1.8532733161145738,24.012618369659446,0.19305651129350576,0.22482936088274913,0.5078823629944894,17.95464128582055,5.078943942123638
3.6865595745084665,34.856313786183144,0.2702137951549771,0.2844914933188146,0.6603383140490592,21.53148437104854,7.196828971470614
0.05959146303142937,0.6933677248609678,0.4864586279119264,0.48218019605265405,0.12475732109741078,-0.15231741501100138,-0.045970307579659586
