NOX,O2,PO4,TotP,NH4,Si,Chl
1.8191126538037319,21.965892425508855,0.1535713354888982,0.20964615682740104,0.5189129194632605,19.0159113929834,4.568384362953985
3.6597298350836485,29.87103884572205,0.20942731988431082,0.2750182151329392,0.6854947271446035,23.060849989181246,6.5011048179037
0.07322970961401887,0.7748066272423278,0.69151995708024,0.5160917743869484,0.056800133451924806,-0.32182756724553596,0.1464846646179364
