NOX,O2,PO4,TotP,NH4,Si,Chl
1.815806819151606,21.912727995913983,0.14427235614554934,0.2113096203769971,0.5219288165580916,18.7181153665564,4.612374697171415
3.575079410052985,29.264146834304324,0.19087909201601588,0.2757744490251638,0.6959815678115228,22.352318743473088,6.6947996392384175
0.11560671640325415,0.7838642105646827,0.7437421821132314,0.5134268531929795,0.027720856728281285,-0.24185058797791026,0.09486749769524061
