NOX,O2,PO4,TotP,NH4,Si,Chl
1.4617572535364465,18.915168765198956,0.12969472025907955,0.19564502949501153,0.49698871727448246,17.40416315954123,4.186667078088312
3.2110632803879353,24.61223111647224,0.18761887811762137,0.26365743137640835,0.7101734761562158,24.15767543463504,6.457235688333062
0.2865364693990563,0.8471178007950558,0.7524211893802353,0.5552457369393061,-0.012335320536839944,-0.4505558931188789,0.15796475737896276
