NOX,O2,PO4,TotP,NH4,Si,Chl
1.5142777924604545,19.66379985435336,0.12883613873032423,0.20433493547653084,0.5085921780201105,17.82536367409265,4.443891697084203
2.940540052886932,24.63955901383182,0.17246773140030652,0.27039257818802964,0.6879210439260803,23.86583812762407,7.266483789361275
0.40168726257818155,0.8467781104601038,0.7907930517537886,0.532232957234106,0.050111382501085044,-0.415720643729222,-0.06631522497609321
