NOX,O2,PO4,TotP,NH4,Si,Chl
1.454622012835222,20.18501496558096,0.1162148356240529,0.2107109198783761,0.5377201400562118,16.083128055173955,4.2941432387408085
9.647320449907696,563.667984510486,0.0290565311851742,0.0714092171238833,0.5954979026627343,480.3837885684786,6.638844741010992
0.332454681499595,0.8577414687640107,0.7956361060876,0.5431281942495645,-0.1952967256816524,-0.1940225435682776,0.1099343999281875
