NOX,O2,PO4,TotP,NH4,Si,Chl
1.6027663279309248,21.416060093898402,0.11896906542136118,0.22452580470825306,0.548883194704927,20.55878197114859,4.346252056179458
3.4597691277492215,26.847127472644623,0.1773816091611996,0.30013734041256646,0.7644610756072686,25.365579845235132,6.447557728317818
0.17173694834596676,0.8180925013896276,0.7787019518093314,0.42365816388648037,-0.17302224448665515,-0.5992404746272475,0.16048691295633188
