NOX,O2,PO4,TotP,NH4,Si,Chl
1.2645357817312082,18.99110140033797,0.11659461329395954,0.19731674106797176,0.5476512543030371,16.772651416152275,4.413011341599857
3.142424057172424,24.481859254338385,0.16807341564117678,0.25900021258246203,0.7489987478112876,23.305553457719085,6.68241925028825
0.31671225453803087,0.8487331560120455,0.801318031233553,0.5708191582876943,-0.12605000503865305,-0.35002877569629676,0.09821204324081856
