NOX,O2,PO4,TotP,NH4,Si,Chl
1.5250198115074274,20.418368147307756,0.1222418410305793,0.2212219038507832,0.4778213531523942,16.136556996872176,4.744529219136518
10.14005595194861,609.6245046077507,0.0277578733656217,0.0836131005545008,0.4686442380102508,508.2725500356324,7.184796523859334
0.2983599005338081,0.8461429617893211,0.8047699826392147,0.4650484941116779,0.0593267907435727,-0.2633417227254508,-0.042475695716531
