NOX,O2,PO4,TotP,NH4,Si,Chl
1.4267978219437047,21.349017040776275,0.12761518566700128,0.2258510391996868,0.5485338216497347,17.86623785900536,4.5639544488261725
3.1589257082867173,27.506404660494038,0.17609023075308017,0.30013951414419876,0.7387579144815307,24.007492194662948,6.787286639687488
0.30951718430950015,0.8090487050744755,0.7819124227552584,0.42364981559489356,-0.09546822957252044,-0.43257634679533563,0.06968639241599417
