NOX,O2,PO4,TotP,NH4,Si,Chl
1.3840069243176418,18.79149078668333,0.1170925837295559,0.2073148343741004,0.5558466028776881,17.072279777811534,4.560380519277909
8.614293230946169,549.0724941403257,0.0287457298875189,0.073796845611113,0.6534176594847356,520.5552725305462,7.306919787593289
0.4039348906915534,0.8614250787610043,0.7978220711987511,0.527852293149439,-0.3115545586178427,-0.2938711616955372,-0.0782157508479577
