NOX,O2,PO4,TotP,NH4,Si,Chl
1.376291089522116,23.291035922181376,0.1331358526252783,0.2116897866654752,0.5057331654585324,17.34250748655689,4.279027535494637
9.703016854232898,935.3745075971108,0.0432292053439679,0.078720247376598,0.5075122613493706,584.0926070692409,6.651609169059207
0.3286007746912076,0.7639301729689133,0.6959551476213472,0.4963526696326359,-0.0186899761051935,-0.4517969943376319,0.1065084724497346
