NOX,O2,PO4,TotP,NH4,Si,Chl
1.3457054562879105,20.20086610083487,0.1406483830979237,0.20509178185818802,0.6089041362302522,15.59647945290181,4.517620215878767
3.2485809702862056,25.18539737383525,0.21039269586641715,0.27072550993421163,0.8356005830751005,21.86058590889271,6.750824851158817
0.2697670224323503,0.8399142897171535,0.6886694637245986,0.5310803340623926,-0.4014995488599098,-0.18781219319826437,0.07965496662765847
