NOX,O2,PO4,TotP,NH4,Si,Chl
1.4650018555420365,21.78079473458084,0.1194617542055937,0.20257597519034776,0.5216370161456557,18.73778734491832,4.184756236504105
3.0541087080040503,26.622020609102655,0.1678689807808118,0.26373044427792497,0.7687202156186893,24.610092545887337,6.601732503302522
0.3545790881029597,0.8211302158860345,0.8018010679824176,0.5549993771437431,-0.1861294745265587,-0.505395721256598,0.11985781261031692
