NOX,O2,PO4,TotP,NH4,Si,Chl
1.3847675394343608,22.05477251239851,0.13783872865896954,0.21715602115730742,0.5538642553714606,19.301618634008648,4.958020251046208
3.079049107035372,26.2637234868579,0.18957659849277822,0.2898564031751733,0.7889006212884464,28.674551992186682,7.419345586193559
0.34399480158965257,0.8259125167113225,0.7472274812557451,0.46246606904880727,-0.24922333980363898,-1.0437015113970403,-0.11165030957325461
