NOX,O2,PO4,TotP,NH4,Si,Chl
1.3076931265276492,21.458535575118717,0.11852089535823236,0.2070151585038028,0.5166743152269951,15.491792038928217,4.490082331426002
2.9779931494277676,26.578352113352434,0.17632395778771923,0.2775080616846338,0.708055838748928,22.98007904433456,6.731908567899038
0.3863490105903813,0.8217165401394307,0.781333097132624,0.5072900937699085,-0.006307038655716024,-0.3125843443651133,0.08480548272098443
