NOX,O2,PO4,TotP,NH4,Si,Chl
1.3552422062474672,22.747898221483418,0.11852456561074808,0.22834149190205247,0.5140631174380962,16.479544527495083,4.1749426997339025
3.0490615884057304,30.391591669421672,0.17441279985730532,0.30531290174285025,0.7345415652632422,23.102642473510002,6.428289332040887
0.3567105282136084,0.7668894960072206,0.7860476256007658,0.4036099354283923,-0.08299947423926146,-0.3266229251822306,0.1654971511242207
