NOX,O2,PO4,TotP,NH4,Si,Chl
1.6661066322182163,21.39645736993528,0.12730781497726076,0.20279521301611145,0.5256406537193519,17.07739534093373,4.2015577397030945
3.3954607683955746,27.110585967731915,0.17732859212578111,0.27168865341865356,0.7248025965378683,22.45883167473798,6.181660072145761
0.20224141975403387,0.8145047635896967,0.7788342182055984,0.5277379057738802,-0.054471811613146626,-0.25371408194813405,0.22830225464426646
