NOX,O2,PO4,TotP,NH4,Si,Chl
1.373688378230697,21.023423016118077,0.1265629405704828,0.2153933974629018,0.5325442077000554,17.165986727244817,4.408265180671916
9.406162137070432,757.6260651946526,0.0329322925253576,0.0730365747295969,0.5269492561452339,603.2542483340851,6.700157034340566
0.3491416054582069,0.8087903265354108,0.768376634738206,0.5327164597722882,-0.0577043473274967,-0.4994243959828284,0.0934182854946299
