NOX,O2,PO4,TotP,NH4,Si,Chl
1.3590311245041704,20.594104078704238,0.1237687491930448,0.2139188079620475,0.5727861848248885,18.93834890536408,4.031654230286094
3.2284930033529937,24.98713353021575,0.18438541297322367,0.2798091403116423,0.8246240204525441,25.8179614560478,6.3645805998500515
0.2787700564673875,0.8424248143252615,0.7608813096306648,0.4990851805365656,-0.36492081248186437,-0.6567923469401682,0.1819561698410439
