NOX,O2,PO4,TotP,NH4,Si,Chl
1.3415936898367877,20.208485191195617,0.11562940610463802,0.19875972912916498,0.5702391234709666,16.78706043585023,4.632126684567507
2.971282855599142,26.11842502305846,0.1638515614723329,0.26567277781433946,0.7425138014665021,22.529783985111848,7.194311820536409
0.3891113669547043,0.8278333924989961,0.8111740963611671,0.5484205197116069,-0.10663538960036445,-0.2616481031190947,-0.04523876186305453
