NOX,O2,PO4,TotP,NH4,Si,Chl
1.437004106479161,22.00517062617283,0.1283721457554743,0.2112547745242048,0.552732384708753,15.75844035077451,3.7159141756909735
8.290467535393287,778.1469268932645,0.0356060945612483,0.0757479670410736,0.5442889946232594,445.3254058945078,6.024963413879544
0.4263419754565808,0.8036112712667731,0.7495709282991552,0.5153691375170504,-0.0925090587031107,-0.106882843499491,0.2669293699305063
