NOX,O2,PO4,TotP,NH4,Si,Chl
1.4247160583644978,17.333751717361753,0.1252677512022165,0.2053816980497161,0.5444363627507709,18.055166013916924,4.673633957938236
11.20822269664196,487.5888748537605,0.0293910416059949,0.0739531205240327,0.5432408240816261,564.8163684953512,7.147775726544169
0.2244482155742104,0.8769423151752304,0.7932833871165181,0.5268524558100205,-0.09040514731943,-0.403884754249322,-0.031760332428399
