NOX,O2,PO4,TotP,NH4,Si,Chl
1.4340711877323462,19.58992063933728,0.12303669603191889,0.20173248221269297,0.5991840339384399,18.52715187642112,4.252066971947165
3.053025195316164,24.101299391946185,0.18033089561447915,0.26570945017863884,0.8316485866957659,24.140126251117806,6.565510390821333
0.35503696158683284,0.8533993595727161,0.7712818223740161,0.5482958428040374,-0.38827403541196115,-0.44844916513987343,0.12948957175589426
