NOX,O2,PO4,TotP,NH4,Si,Chl
1.4179646511402995,18.267747482599,0.1212212691320823,0.20650668179099235,0.5273306409803721,15.577241799368785,4.209543487969567
2.837566195500099,22.677673774621912,0.1779614274584551,0.2859419571639129,0.7188111639552712,20.699682158265986,6.783337954725953
0.44285780180290124,0.8702067942095606,0.777252845897199,0.4768865856051282,-0.03711071381502262,-0.06500473218854963,0.07076854702769286
