NOX,O2,PO4,TotP,NH4,Si,Chl
1.3811569710987988,20.97716699338427,0.12619089156137064,0.21382903791897337,0.511389626564544,17.138597457800337,4.558382525808671
3.1794855044441634,27.0422080334676,0.17902788685385265,0.27562845491178795,0.6931092475090975,24.75020195198255,7.063746665632255
0.3004999518496265,0.8154392904693872,0.7745751580711236,0.5139418973682467,0.035729500958106675,-0.522585457694646,-0.007644230776649774
