NOX,O2,PO4,TotP,NH4,Si,Chl
1.4792622921471341,20.57849074718999,0.12859140972414845,0.22132674707227679,0.5187303921869169,16.64559302614696,4.51127695969273
3.28724037937151,25.205649175075823,0.18850690768219105,0.2980033184905747,0.7215283639378207,22.479063276921057,6.741543459987527
0.25228347990719835,0.8396567335302828,0.750071984277367,0.43182478274653147,-0.044966361109401554,-0.255973867278773,0.08218390506175188
