NOX,O2,PO4,TotP,NH4,Si,Chl
1.512837202929186,21.345084411022714,0.12171654235904034,0.21097401578034927,0.5257986086228719,16.695475359105355,4.492390158036176
3.2969451842321997,25.861219952046564,0.16345703457748773,0.2779738230547923,0.7152091888013761,22.781399410727673,7.073324831791942
0.24786204821902502,0.831207568933377,0.8120823234025818,0.5056348062062811,-0.026742796581713746,-0.28998595010975325,-0.010378736352870233
