NOX,O2,PO4,TotP,NH4,Si,Chl
1.4940591141554442,23.39094053081438,0.11726383536091219,0.2169826461130114,0.5228619855090689,15.927141457173361,4.587384501204771
3.185095751683347,28.884677574045266,0.16177046910118992,0.2783390712662403,0.7031775454503485,21.640812540717228,6.836469694871485
0.29802921844944374,0.7894331499636491,0.8159402225890088,0.5043347943586681,0.007511503988687718,-0.16404912763637114,0.05615478583340938
