NOX,O2,PO4,TotP,NH4,Si,Chl
1.4403426848864465,18.32509116079293,0.1221514995111197,0.2054162463536903,0.5291278448673395,15.8505889152413,4.562549932213391
10.469787579198991,545.527333529922,0.0324891374154271,0.0744631950294746,0.5816136739454884,410.9932624353031,7.03603316964945
0.2755441554494187,0.8623198064292249,0.7714934866189559,0.5235890303062203,-0.1674279908798468,-0.0215482542922471,0.000246925381367
