NOX,O2,PO4,TotP,NH4,Si,Chl
1.3073867628940126,20.848721567789717,0.1253889144221177,0.2155344635692995,0.5511043746142433,17.31014586277862,4.928446333254085
10.203469361940366,727.0919063608435,0.0356618372602423,0.0771419272323628,0.6950897233962995,541.3629424149093,7.407474714961454
0.2939720163342584,0.8164965378292746,0.7491788720364514,0.5064506654291454,-0.3951996584967241,-0.3455898655991238,-0.1080958988524143
