NOX,O2,PO4,TotP,NH4,Si,Chl
1.4568348699383662,23.653650847790285,0.126568299126625,0.2030857888549121,0.6397378222075792,18.965304342846373,4.514824354480295
8.799875232155866,843.1519065175803,0.0313427149200335,0.0717005629104232,0.9793551784355832,675.0189823055056,6.991721261652621
0.3910935637398137,0.7872053138973627,0.7795566433576018,0.5412641817179138,-0.96578364563345,-0.6777999203742835,0.0127998695456815
