NOX,O2,PO4,TotP,NH4,Si,Chl
1.5463896413705116,20.43783817366058,0.12000533563265436,0.217829884991717,0.5187746591045306,17.868064083270173,4.612797535391415
3.231809470819737,25.421123590269268,0.1746933281091627,0.2891436049928279,0.7293454713060049,24.392616151101436,7.0214280865046845
0.2772875293573729,0.8369035769811972,0.7853588234725208,0.46510656338034917,-0.06773154797039194,-0.4789072804304262,0.004393103172441681
